,ticker,market_cap
0,14D,7873874.988240898
1,29M,383975210.5947647
2,T3D,1321978.0408050865
3,TGP,120091317.69626236
4,TCF,46242351.419734955
5,TOT,88745319.22590733
6,TDO,36682138.04123402
7,3PL,166473278.78396606
8,4DX,197854505.54966927
9,4DS,53583400.273552895
10,5EA,128113272.01644516
11,5GN,38719456.49977875
12,88E,27776400.625442028
13,8CO,5867208.242999792
14,8IH,3829769.8343979716
15,ABG,1085794480.3890533
16,ASK,2063137018.6872864
17,ABX,10830926.36782676
18,AKG,14587539.920955896
19,AX8,6946104.137922227
20,AX1,913802517.1315842
21,ACS,2937221.9775313437
22,ADC,4710831.62776804
23,ACQ,74815163.07741404
24,ACF,315702026.25666046
25,ACR,6957472.074462175
26,ACW,73074449.03802967
27,ATV,7744494.870035648
28,AIV,3017042.2051261067
29,ACU,16734346.115892172
30,ACE,128998722.34010696
31,ADH,385297571.7988014
32,1AD,3338939.9330232143
33,ADD,4386744.008526206
34,ADG,13492049.618429184
35,ADR,
36,AI1,53585325.87458038
37,ADY,13147399.386132717
38,AD1,7027536.445085764
39,ABY,76105911.39621353
40,AHL,55692626.433841705
41,ADT,2090329467.5006104
42,ADS,5434660.098132491
43,AVM,12588795.860233784
44,ANO,68597481.2923193
45,ABV,37804918.705523014
46,AHI,24777622.576158524
47,AV1,152131836.5995884
48,ADX,18087228.95239663
49,AER,5670964.961271286
50,AEI,10073466.207839549
51,AIS,198500468.34855366
52,AMX,20897931.88676238
53,AFL,10972271.75475061
54,AF3,
55,AFT,
56,AF4,
57,AF5,
58,A1G,118547550.4595623
59,AFP,257236810.22167206
60,AGL,6801472019.910645
61,AMN,40417542.89810443
62,AGR,41489560.832645416
63,AIM,120068047.51074314
64,A1M,240901114.61544037
65,APW,144686750.0
66,AGI,341845888.9421234
67,AIZ,1764014796.2957153
68,ART,159093891.69064713
69,AJL,8254380.359749913
70,AKO,12640340.760568142
71,AUQ,31320432.646214962
72,ALB,14512629.921361804
73,ALY,7068449.7620078325
74,ALC,147724500.9595394
75,AAI,12096509489.81836
76,ARN,72938549.49685574
77,AJX,10311780.18563354
78,AAL,114635201.7081976
79,1AI,10124339.800004244
80,AQI,22051717.830979347
81,AQX,5538800.391078889
82,ALK,1153323639.04953
83,AQZ,426520186.54948425
84,AXN,23226881.1032176
85,AGE,93031044.37775517
86,ALM,11104439.904523611
87,AII,1365793515.6726837
88,A4N,1006298060.8361511
89,ALQ,9378127883.911133
90,ALR,38670656.89531326
91,AZI,10915556.19300878
92,ATC,74100640.95497131
93,ATH,133230302.30207062
94,AIQ,51292278.150975704
95,AGH,19445741.22179532
96,ATT,3729219.756645441
97,ALV,5272154.920754731
98,AMA,439999218.51919556
99,3DA,395929504.0
100,AMO,17172864.682388306
101,AMH,350122846.7522049
102,AMC,33985426457.23633
103,ARR,217341696.88098907
104,AW1,28363684.997436047
105,AL3,150133776.0540619
106,AOV,1227686234.8194122
107,AMP,4747012320.0
108,ATX,99727782.49011135
109,AEL,702883957.5783691
110,ALD,6522325939.990997
111,AN1,3474240.1072382927
112,ANR,1495130.0461497158
113,ANX,6179656.1907455325
114,ASL,283392714.70069885
115,ADN,38166798.506905556
116,ATM,7118611138.866577
117,AF2,
118,ANN,4559321516.675842
119,ASN,145607692.09391212
120,AM5,3089117.978851676
121,ADO,62221899.38493633
122,AVR,206991142.11359024
123,AAU,12545350.119589567
124,AZY,365817737.0163231
125,ANZ,92138194037.37744
126,APA,11218614360.023438
127,AP2,
128,APC,2636396.814508915
129,AHX,99329228.26698875
130,AON,8356080.524892509
131,AO2,
132,AO3,
133,APX,235763673.33053207
134,AQN,34494722.760808945
135,ARU,480544329.2537384
136,ARB,2869130400.0
137,ARC,5648167.769394815
138,AM7,3286724.1014502943
139,AXE,73905718.07465172
140,AR9,69114210.65273094
141,ARL,84165198.05415916
142,ADV,10002799.776419997
143,ARF,1522799184.0327759
144,AGN,89277614.08120394
145,RGT,5269373.522555828
146,ARD,33261220.800647497
147,ALI,421331450.69503784
148,ARG,6970616109.390259
149,AGY,46191488.206855774
150,ARA,87665397.67765999
151,AA2,
152,ARI,34460957.94973755
153,ALL,43649714609.118164
154,AZL,43042482.172408104
155,AHK,12239729.6577394
156,A1N,145568243.679554
157,ARX,213810903.31554413
158,ALA,125262892.7291069
159,AMD,17555339.127607584
160,ARV,14328349.119736433
161,ATG,69479321.26039267
162,AYA,149307594.52342987
163,AAJ,2295587.014857173
164,AS1,79835258.63076782
165,AFA,3169592.2145475447
166,ASH,26635502.498399734
167,AZ9,27048295.644584656
168,ATB,
169,AS2,4462381.063820124
170,APZ,910067663.522049
171,ASP,15079049.902956963
172,AKM,111680137.63484955
173,ASR,8000400.251998603
174,ASV,29774478.694488525
175,AOH,13197689.928486943
176,AO1,2414980.2107053995
177,APL,6893087.845927477
178,AAR,242671613.43253326
179,ATR,134920456.17022705
180,ASE,9952193.971191287
181,ASX,12542001559.353516
182,AHN,13595759.73417902
183,A11,117834992.59944344
184,ALX,7718415593.691467
185,ATP,70246879.70985985
186,AT1,15753108.037456632
187,AMS,6075100.02421093
188,ATA,308978411.00413704
189,AUB,3905664500.0
190,AIA,11760859510.836548
191,CYB,16073595.912903547
192,ACP,19803400.295093656
193,AUA,3418745.890069753
194,AD8,552562800.3035431
195,AKP,
196,AUG,6118055.736631155
197,AKN,4128695.8438880444
198,AUK,9070080.078840256
199,AAM,30769051.258838654
200,AEE,150603758.62445545
201,AKA,12605000.187829137
202,AMI,330051134.7737961
203,AWJ,32546673.04573345
204,AUR,3336381.990983069
205,AZJ,5834335415.254028
206,1AE,12637138.314783573
207,A3D,13990970.619566202
208,AUE,173096029.49087524
209,AUN,50032000.7455349
210,AUC,256353628.24191284
211,AOA,2853020.039511174
212,ANV,
213,AQD,58484578.53951073
214,ABB,1318815409.458252
215,ASB,2922989224.100113
216,AUH,6050770.20739615
217,AHC,137062128.0
218,ANG,189261649.5583763
219,AYT,7392880.479142964
220,AGD,27553995.014897346
221,AR1,84897436.82239437
222,A8G,4110168.834569305
223,AN3,
224,AYM,4606449.817037821
225,AAC,867984479.930603
226,AAP,17324387.406796217
227,ABE,3643616.1730624735
228,ACL,551858721.2424164
229,XCL,
230,ACM,2874709.366054088
231,AHF,29732878.695418358
232,AEF,923238838.9396667
233,AFG,620060981.3509827
234,AFI,9203363378.838867
235,AGC,47470444.1317749
236,AUZ,11977070.70569253
237,AOK,3113339.9310622215
238,AQC,6304211.440617561
239,AR3,22299269.303783774
240,ASQ,4791620.26040256
241,ASM,130772654.88328743
242,AUI,1424507223.197937
243,AYU,
244,AOF,75625093.53950214
245,AVL,94981257.72533417
246,AVG,32287373.9395864
247,ATS,15816720.521484375
248,ASG,524311791.9046936
249,AVA,23528232.06925392
250,AVD,15712975.20250082
251,AVE,15867299.485338211
252,AEV,29810480.02415085
253,AVW,1878331.001977861
254,AVH,218816919.4805374
255,AVJ,372909265.3780823
256,AXL,14654135.802432895
257,AXI,9086979.636890173
258,AXP,6684680.509505272
259,BBN,228689407.07683563
260,BPP,19034449.49454689
261,BTI,
262,BM1,152999882.6909542
263,BMR,29160617.478738785
264,B01,
265,BOQ,5093734000.0
266,BMN,529939744.96899414
267,BAP,1330612191.769043
268,BGD,184204798.3932495
269,BSN,2456579.945091158
270,BAS,9286785.456890464
271,BMO,3307425.052749276
272,BRL,191980009.26072502
273,BM8,10322531.944066286
274,BMH,5418918.882637024
275,BMM,7862759.661525488
276,BDX,22690015.629172325
277,BCI,996190952.0778198
278,BPT,2885882316.1653137
279,BLX,839167537.4450684
280,BCN,136830990.4655218
281,BCC,10370628.24819839
282,BMT,74092292.69451141
283,BTL,340350989.7769089
284,B4P,96514442.11864471
285,BGA,1611376821.7903595
286,BRX,14687915.834494352
287,BFG,402533718.4705734
288,BVR,27797825.60250163
289,BGL,1321315307.5212402
290,BEN,7042914880.93396
291,BHD,4472172.177708149
292,BEL,1116542.4097053707
293,BNZ,248966633.6157322
294,BEO,18778163.986325264
295,BKY,238501402.4114914
296,BEZ,38465298.406475544
297,BFC,5991150.0040771365
298,BET,185851203.5259018
299,BBT,312783607.33509064
300,BWN,160991928.8598175
301,BHP,204054888010.58594
302,BRI,121255636.65540314
303,BIM,6407499.965280294
304,BGT,6711341.787633896
305,BIO,115819715.54027176
306,BIT,4147649.8272928
307,BXN,110406325.48745728
308,BDT,9527674.057751894
309,BIS,196885397.2377777
310,BKI,1509340613.768715
311,BCA,49864875.0
312,BC8,651000313.8894997
313,BDG,24600996.072411537
314,BKT,42715549.234874725
315,BSX,114899604.06826591
316,BWF,71085348.57064486
317,BLZ,7113840.465889275
318,BB1,55077090.3018713
319,XYZ,72078076736.5039
320,BLU,12956790.28793323
321,BNL,26943120.6397295
322,BCT,3616889.887439251
323,BSL,10408214719.540283
324,BS1,
325,BLG,25764300.224123
326,BMG,9288366.861670017
327,BBC,31471133.301138878
328,BOA,2467059.944856912
329,BML,48864899.16783571
330,BOD,
331,BOL,54066710.63838005
332,BOE,764289264.0953064
333,BTE,18282109.517835617
334,BOT,294169509.2892456
335,BOC,258222561.98596954
336,BUY,3903674.792746067
337,BCB,10775774.828190804
338,BP1,
339,BPH,10354955.698744297
340,BP8,1050990.065919347
341,BPM,3666615.918044746
342,BRN,441026749.4330864
343,BXB,31864596458.017822
344,BVS,1004312928.4358368
345,BCM,17036890.97551155
346,BRE,600830037.4646187
347,BTM,8940191.800171137
348,BRG,4888270188.217163
349,BKW,5241424945.852661
350,BGE,3797321.029896617
351,BTR,248677604.13646698
352,BBL,103923030.39007187
353,BGP,1225345000.0
354,BCK,291046822.34505844
355,BHM,126280759.41026878
356,BRK,39891831.03787136
357,BYH,4114120.1314102113
358,BSA,10542042.604882479
359,BFL,3966694426.1589355
360,BTC,20820673.50092888
361,BUS,5738800.085514784
362,BUB,147366453.2158165
363,BNR,15267875.899012566
364,BDM,40539460.420425415
365,BUR,7366680.155341864
366,BRU,17147019.55508709
367,BTN,32673121.109604836
368,BUX,15153011.123707056
369,BWE,
370,BWP,2665714065.9454193
371,C29,3309571.893580258
372,CDM,202536995.76507568
373,CDO,26841980.752897263
374,CCM,12240294.46167469
375,DXA,
376,CXL,103044001.53678703
377,CMB,7678733.760258555
378,CHL,32532682.937586308
379,CP8,20246225.36229372
380,CAN,8466991.278694153
381,CAE,15289679.793864489
382,CBY,4978583.851275563
383,CAY,490814519.438118
384,CAA,192838973.54717255
385,CRS,45508117.92915726
386,CMM,4277236113.5358887
387,CSC,7459693614.0078125
388,CAQ,5024502.043089747
389,CAR,13980968000.0
390,CVV,89402079.28170776
391,CWX,19598373.590070248
392,CRB,4000640.1900202036
393,CG1,28469153.547167778
394,CDX,19802879.147529602
395,CTQ,3082548.1227945685
396,CDP,429406201.5703201
397,CIN,989477363.299942
398,CNB,82220127.5151372
399,CVN,196799387.13563156
400,CAV,16360880.905100107
401,CCE,25246805.55688286
402,CCV,207089866.1490116
403,CPN,9493412.463897347
404,CMD,15272818.093242645
405,CST,18966791.70112872
406,CDT,6960599.844418466
407,CTN,9704080.844919086
408,CYL,1611540048.789978
409,CAT,1764564180.4790497
410,CXU,15921440.500227809
411,CVR,15906605.344766378
412,CAZ,9687363.03739494
413,CD1,18823867.47713089
414,CD2,37784953.501439095
415,CD3,85713800.12149811
416,CWP,599852060.4262352
417,CLA,21948431.013475418
418,CTM,208614410.12674904
419,CTP,43224961.82821655
420,CAF,81951619.28516626
421,CXM,14749303.0735569
422,CNI,1622829958.1836853
423,C2F,
424,CIP,2095272296.1241302
425,COF,776536771.5167999
426,CTT,116277597.60682678
427,CGR,5178130.822695792
428,CHN,638133808.1937943
429,CEL,227343591.72811508
430,CGF,5786984731.578369
431,CIA,2288457995.274109
432,CCA,51513976.44698143
433,CHR,4180690.9084431827
434,CC9,9740200.14514029
435,CHC,10297144732.36084
436,CLW,3142871773.7199097
437,CQR,2301670885.5321655
438,CQE,1146862660.871338
439,CMX,33545721.52412796
440,CHW,78028690.25711823
441,CHM,9763680.084869266
442,CNU,3657667609.8518066
443,C79,599001661.0922813
444,CTO,12000000.569969416
445,CCX,30812640.5912838
446,CVL,610233946.7849731
447,CL8,3805984.078526497
448,C7A,2353084.015765488
449,CU6,1628987749.1588974
450,CLZ,3017700.2393330634
451,CNQ,15532099.431446314
452,CWY,6450451380.385071
453,CSX,69529114.55106735
454,CVW,312413605.6673527
455,CPV,68263124.3685875
456,COV,46902501.2254715
457,CC5,57054722.709953785
458,CAM,104145998.22640419
459,CIW,30502728.74850321
460,CUV,612510405.3844452
461,CLG,24996948.392080307
462,CLV,94354439.12184334
463,CLU,30695687.116742134
464,CEH,158420523.41506577
465,COB,22241950.73143089
466,CBO,1135338255.9814453
467,CBE,22169501.130351305
468,COH,20225360398.526
469,COD,20588288.97810507
470,CDA,4290522766.659546
471,CDE,8494220.46162188
472,CDR,4754882.00924173
473,COG,361290154.1929245
474,CGS,285729337.63910675
475,CKA,33447449.949361324
476,COL,28194271139.96411
477,CKF,1102297478.0082703
478,COI,167501609.67313385
479,CBA,295291921020.5078
480,CCG,31288349.661653996
481,CF1,13094443.577046394
482,CMP,61509758.62514973
483,CPU,24161358576.79004
484,CND,15767796.266560555
485,CNJ,1905021.946801722
486,CML,7868232.312655449
487,CXZ,21634209.777171016
488,CRD,160251416.77773
489,CR1,10088554.602951765
490,CT1,2949460.108091831
491,CEN,8229989622.726013
492,CBL,12962884.281759262
493,CPM,4936402.879396081
494,COY,10591884.380068302
495,CZN,3553709.9828900695
496,CR3,5742551.857916236
497,CXO,214302006.3933487
498,CR9,3021810.0742666125
499,CRN,4348192550.412231
500,CTD,2358775242.8016663
501,CMO,7135559.692829847
502,C1X,7918090.883627534
503,COS,106463458.66405964
504,CUP,159145759.5963478
505,CYG,81117880.85323572
506,CGO,2723330.9001088142
507,CCR,106162248.0
508,CCP,1196617873.8899536
509,CI1,
510,CRI,40472700.53536463
511,CMG,12676216.053968668
512,CRR,16620540.04847145
513,CMW,1152315979.676056
514,CTE,34166719.418144226
515,CPL,
516,CSL,126321228924.3164
517,CLX,146993898.84066582
518,CUE,80395695.53842163
519,CUF,14812269.743738174
520,CUL,4160411.9401637316
521,CPO,5727282.1449661255
522,CVB,44881394.89417291
523,CCL,584265942.4137726
524,CVC,235604717.77534485
525,CYQ,2302584.9085332155
526,CLE,81510264.60246277
527,CYC,110025631.05988503
528,CY5,98883185.32088375
529,CYP,41801490.538716316
530,CYM,63975630.44243288
531,CZR,59257171.15330696
532,D3E,45298125.0
533,DAL,6750950.500597
534,DBI,2379657617.759094
535,DTM,3594180.12724185
536,DTL,1157162727.4990082
537,DDT,4975480.04432261
538,DWG,8177919.817209244
539,DTR,399606240.0
540,DEM,32276090.705108643
541,DAI,80696244.26227951
542,DYL,1527453000.7906342
543,DEL,37447260.39388776
544,DLI,118343284.70253944
545,DGH,36818999.02462959
546,DM1,11941749.52575773
547,DES,29875839.33222294
548,DRR,2311371669.3901367
549,DVP,1402229597.8964386
550,DEV,35335223.42453241
551,DXS,7797882848.0
552,DXC,409138270.18125916
553,DXI,923255773.7915039
554,DGL,115516122.10001469
555,DGR,11480699.585790634
556,DBO,2689856.1277613044
557,DRX,105173879.92604542
558,DDR,1628034961.3571167
559,DGT,1763503949.4782562
560,DCC,109175873.72343826
561,DXB,312074336.07318115
562,DAF,3045055.166826725
563,DUI,1186009000.0
564,DJW,828613825.0865936
565,DMM,
566,DOC,56834198.36461544
567,DHG,2801497602.2768555
568,DME,66660959.790011406
569,DN1,
570,DMP,1782239575.7441711
571,DNA,55535854.36679649
572,DVL,33714289.138492584
573,DTZ,25477028.897219896
574,DOW,4687614965.753723
575,DMG,2762699.928014338
576,DRE,60953969.84571457
577,DA8,
578,DAM,
579,DA9,
580,DAT,
581,D10,
582,DRO,3455139996.909851
583,DTI,5382617.902787566
584,DUB,55263799.084757805
585,DUG,172362236.14740372
586,DKM,16525620.65666914
587,DUN,1715488.0814813077
588,DUR,362828255.5322647
589,DSK,59154504.25770879
590,DBF,46050747.5651741
591,D2O,241968623.27885628
592,DXN,18519599.586054683
593,DY6,28328638.457873344
594,DYM,12561121.265113354
595,DNL,5399621181.679321
596,E79,3168259.769183874
597,APE,5329228001.552582
598,EM2,6810240.059196949
599,EPY,55802842.87325239
600,EE1,3751624.8761446476
601,EMS,1394259.9688358605
602,EFE,4157152.1974541247
603,EBO,7592934207.763672
604,EBR,516711630.36206055
605,ECH,81774003.24940681
606,EIQ,132386545.40524101
607,EPM,65981301.40247345
608,EOF,7577479.510630131
609,EGR,147625394.5851326
610,ECP,25009992.26306677
611,ECS,11016426.006692171
612,EDE,7808771.748907864
613,EDU,70759906.06052685
614,EDC,38952252.11465359
615,ECF,281019522.9558945
616,ENN,124805638.91136646
617,ELD,1430258343.4870605
618,EOS,949323854.7210693
619,E25,71121424.22786903
620,ELT,41313162.41588974
621,EL8,94475921.83876038
622,EXL,3683056.302935779
623,EXR,46187458.69372845
624,ELS,489247362.0829582
625,EVO,127519988.68763447
626,EMB,17586558.176841736
627,EHL,450986259.43180466
628,EMR,2368646100.8097687
629,EMT,4249999.905005097
630,EMI,
631,EML,413231664.43388367
632,ERM,127137601.89449787
633,EMP,35708706.5566957
634,ERL,7419549.914160132
635,EMU,4858704.0094435215
636,EMV,147088375.56664658
637,EMD,29405225.52915287
638,ENR,164601366.5406704
639,EDV,7235559002.399536
640,ERG,3813012.3416950703
641,ENX,7237511.688441038
642,EAX,13834239.764404297
643,EME,17823055.867471218
644,EOL,408861725.97579956
645,ERA,810792031.8545532
646,EGY,14998589.424755394
647,ETM,85327552.17764378
648,EWC,181656277.32510757
649,EGG,85290997.54367065
650,ENL,28327950.723494053
651,ENV,10203200.314939022
652,EEL,3253780.1225462556
653,ENT,4113960.2277599573
654,EAT,5235149.9520000005
655,ETR,13881700.652482152
656,ECT,12046319.720710754
657,EGL,98791078.15265656
658,EVS,130678208.07268524
659,EPN,8954496.07783556
660,EPX,21109664.746655226
661,EQR,99468598.18348503
662,EQT,861688120.4166412
663,EQX,22345650.235041976
664,EQN,12266932.213555098
665,EQS,4170500.0621452928
666,ERD,333358256.40773773
667,ESR,86362917.49165487
668,ESK,63038199.20897484
669,EGH,237539672.05131912
670,EMN,25584488.909109592
671,EUR,117059582.93655777
672,EMH,40499451.01179886
673,EZL,141029103.46400452
674,EVR,20047499.424999237
675,EVE,8124929.955974221
676,EMC,26895720.35883379
677,EG1,7058039.842240512
678,EV8,
679,EVG,13047599.708363414
680,EV1,4351799.845827341
681,EVN,15338230739.581055
682,EVT,2772625233.203888
683,EVZ,19420159.5659256
684,ECL,94232125.0
685,EXT,20726399.53672886
686,EXP,90425999.4003768
687,EZZ,101422384.49878693
688,FAL,111860904.11334229
689,FEG,64229725.30617428
690,FAR,36039742.67807007
691,FNR,10004554.602594137
692,FRM,70391259.09074593
693,FPC,32434972.810292244
694,FFG,12428570.495628834
695,FBR,28447249.284154415
696,FXG,87776602.90797329
697,FLX,45190421.515131
698,FEX,222343516.03513718
699,FFI,55056537.4997139
700,FID,363027400.0
701,FSG,17015789.731798172
702,FIN,2779556.2280218303
703,FRI,180961806.15912628
704,FDR,27520759.416169167
705,FND,239170636.92741394
706,FCL,907347880.367279
707,FNX,17133600.37136078
708,FRB,17083318.658158064
709,FRE,17276471.44447267
710,FFM,709032352.2885132
711,FTL,34962576.0679543
712,FAU,10381450.007956505
713,FGR,30355161.82927704
714,FL1,11981234.625928104
715,FM3,
716,FM2,
717,FM5,
718,FM4,
719,FM1,
720,FCT,23989280.740469694
721,FPH,19815958541.510742
722,FZR,15653329.549580812
723,FSI,53007463.767027855
724,FLG,12078557.88130641
725,FPR,614255464.2915726
726,FWD,249302344.40283775
727,FBU,2945225922.571045
728,FRX,6069600.544290543
729,FLT,2788697743.954834
730,FLC,58607278.06421757
731,FG1,10956848.338201642
732,FMR,15752390.109801292
733,FML,106026834.32641983
734,FGH,23876189.69218254
735,FRS,55163672.66056824
736,FMG,58038399587.33008
737,FTI,22736640.174865723
738,FOS,20846289.920327187
739,FCG,4007766.0516500473
740,FHS,13655401.096596718
741,FLN,137529080.66519547
742,FRW,1826784167.7303314
743,FDV,152507250.20281696
744,FHE,110739621.84202671
745,FSA,115980166.19253159
746,FUL,6973200.103908777
747,FBM,16866525.051330805
748,FGX,526897521.0335388
749,FGG,624379069.5779114
750,FME,16292818.293439865
751,G11,13532708.641709924
752,G50,51391358.85131359
753,GEM,753699879.4153633
754,GLN,139772783.95507908
755,GAP,27040611.180685043
756,GLL,9334944.081142545
757,GAL,28655623.01544428
758,GDF,272628526.37171745
759,GGX,4089100.2262218297
760,GML,11855779.658854008
761,GTH,4743449.651804924
762,GBZ,46723322.786194324
763,GDI,368150522.24137115
764,GLF,1699887280.2124023
765,GDG,2522518116.2875366
766,GNE,2373624019.0765686
767,GMD,4544811042.75647
768,GES,4697046.184828341
769,GSS,70413093.0215416
770,GTG,5671262.80501163
771,GEN,20407578.407664776
772,GTK,981347383.0165863
773,GNP,820656234.4017029
774,GPR,95474094.50598764
775,GIB,10081922.278785229
776,GLA,6066376.480137408
777,GC1,26536950.5751729
778,GLE,7780499.75708127
779,GLH,4744534.513965249
780,GL1,58235369.06397343
781,GFL,40697916.31300449
782,GUE,28194809.340823412
783,GLB,124391400.0
784,GBE,59740159.3408227
785,GRL,4937602.885245085
786,GHY,101956509.56976414
787,GMN,7204667.043671012
788,GOR,3606847927.4749756
789,GCR,2194520.16823411
790,GED,4605276.095017791
791,GHM,97754021.90256119
792,G88,5510510.546784639
793,GSM,2234968.170155287
794,GMG,71923019490.39111
795,GG8,313419611.48433685
796,GOW,120633525.0
797,GPT,9903548911.587158
798,GQG,5114314515.486816
799,GNG,684473762.81604
800,GNC,1711717595.9994507
801,GGE,5640840.459925532
802,GRR,225681297.96205902
803,GTI,36080145.30725384
804,GBR,53315691.48387599
805,GR8,4865249.821543694
806,GDM,18968837.407764792
807,GNM,2474063.9895117283
808,GSN,24920099.571338415
809,GTE,6813096.251221776
810,GGP,3454372863.9678955
811,GG1,
812,GCM,77040297.79801512
813,GT1,16261376.647886038
814,GT3,32304640.0
815,H2G,13070327.579721808
816,GRE,7484069.959446788
817,GRV,25075658.416737795
818,GW1,9175799.794904888
819,GRX,219599723.3243866
820,G6M,548007483.3659477
821,GOZ,1893300462.5664062
822,GCI,1090575176.6379395
823,GTR,14890601.15526557
824,GTN,75313072.04562426
825,GUL,15043517.623141408
826,GUM,32097299.200000003
827,GYG,2924338261.390686
828,GWA,684228859.1264648
829,GWR,33978734.77913356
830,HCF,877723.1622159481
831,HAL,3601808.1111758947
832,HMG,10311808.21275711
833,HMX,23081733.852231026
834,HNG,130358000.0
835,HSN,1242634032.414795
836,HAR,24157844.423107147
837,HMY,65302649.50573444
838,HT8,4276548.133173227
839,HHR,21173111.43754387
840,HTG,16362323.007637978
841,HVN,7513440464.943298
842,HAS,59793547.3421216
843,HAV,63790220.82209587
844,HWK,4605792.864
845,HIO,20318758.54932213
846,HAW,17420832.359433174
847,HZR,90308796.228549
848,HLS,613583264.2948608
849,HPP,5158481.93045333
850,HCW,453895484.1121826
851,HGH,689002984.2898865
852,HM1,760220224.7138023
853,HVY,21653951.515996456
854,HRE,9153495.95040083
855,HLI,1419652153.7545166
856,HE8,58292635.18663025
857,HLX,6728380.223580897
858,HLO,285005629.73880386
859,HMD,16636456.617052436
860,HXL,2171520.0448036194
861,HPR,13107780.21082282
862,HTM,11315159.40130204
863,HCL,40559786.10166907
864,HFR,111408092.8374281
865,HGO,99484918.59739304
866,HPG,130024317.09372997
867,HMI,6647167.963981628
868,HIT,77197502.01702118
869,HIQ,9653657.533849359
870,HMC,1473039092.4549103
871,HCT,33504899.699261904
872,HDN,2670348801.7530518
873,HRN,75252478.317976
874,HRZ,144443496.5523758
875,HZN,333186490.5337372
876,HOR,22330768.78086841
877,HCH,98029388.44774628
878,HUB,8835656860.650635
879,HFY,4600223.962498903
880,HGL,10387982.323093712
881,HUM,283184623.729002
882,HYD,4364304.079293311
883,HCD,2352240.239725411
884,HYT,30018777.84375763
885,IS3,15356699.626927853
886,IF1,
887,ICI,21766880.265871286
888,ICL,22314563.661506653
889,ICE,32973210.46911192
890,ICN,5208084.141270459
891,ID8,4668084.136576593
892,IEL,1177361285.308838
893,IDT,30017189.567797422
894,IGN,27118080.0
895,IGO,3786339840.0
896,IKE,164051079.2863369
897,ILT,12858455.528354645
898,ILU,2582268814.501831
899,IMA,90289894.15376282
900,IBX,3020114.812495172
901,IMD,1632775958.2478333
902,IME,13948791.488361359
903,IMC,15581860.302802563
904,IMM,393009319.93678665
905,IPT,37019967.6863718
906,IPD,91344151.46969032
907,IPC,9305642.5
908,IMR,451828871.86396027
909,IMU,77758950.04244995
910,IAM,31649614.90401125
911,IDA,25749278.14445877
912,IBK,
913,IND,10040312.0
914,I88,13975317.584632874
915,INF,7671424.364373088
916,IMI,5076192.044124007
917,IFG,4671024.349861741
918,IFM,640699309.7626648
919,IFN,255073561.94034576
920,IFT,10763382226.46582
921,INA,2253934119.754318
922,ING,1259993089.7011719
923,IRX,8537919.809162617
924,IIQ,46885858.53615403
925,IFL,3018267072.0
926,IAG,20386773172.295166
927,IDX,1027906840.6082306
928,IRI,73601490.20005131
929,ICR,6335393.922714233
930,IMB,237222127.33448792
931,IEQ,
932,IFX,
933,IG6,11226363.676965237
934,IVT,764243.9829178154
935,IVG,12997525.035578728
936,IVR,45050461.345498085
937,ICU,609022.0160000001
938,INV,20740799.403190613
939,IXC,6914151.6347436905
940,IVZ,81777481.73480225
941,IVX,8114614.898175001
942,IOD,67822036.11249924
943,ION,49880882.01550579
944,INR,270902056.7543106
945,IXR,96242448.49433517
946,IPB,5651224.33241874
947,IPG,377445433.93325806
948,IPX,1882445387.8904724
949,IPH,1404405989.873886
950,IRE,1755816453.5456543
951,IR1,19244307.34155178
952,IRD,24920789.202976942
953,IBC,46605294.250905514
954,ILA,51919350.05900097
955,ITM,4954215.08944416
956,IGL,457920544.4111824
957,JGH,67473196.5718565
958,JBY,59476984.76340294
959,JHX,24847422797.379883
960,JAL,70910503.45664883
961,JAN,58474798.45094681
962,JNS,14041199.686154723
963,JAT,29975986.09406352
964,JAV,18756690.595039606
965,JAY,5711560.463284552
966,JBH,12868611466.339111
967,JCS,15415092.268471718
968,JLL,39136692.761707306
969,JLG,1111990373.0023804
970,JYC,140454175.0
971,JDO,1855363742.4123535
972,JIN,675268906.2429428
973,JNO,5031204.009778798
974,JPR,39702319.351136684
975,JMS,451039208.1820965
976,KSC,468016777.80059814
977,KAM,17361559.000427485
978,KLR,884400.0076875091
979,KAI,68403660.16333008
980,KAU,100902818.34134293
981,KZR,26327279.411539435
982,KAL,14497820.89084053
983,KM1,25610840.26938677
984,KPO,33729408.58523369
985,KAR,1414927366.986168
986,KAT,39141882.55736828
987,KPG,468143506.90841675
988,KLS,1042725127.4132767
989,KEY,1421401.7808366567
990,KBC,10003385.657474399
991,KFW,
992,KGL,72693389.41040468
993,KLI,4907832.266718149
994,KSL,389875946.08545685
995,KYP,117205760.49900055
996,KCC,19635958.601102114
997,KKO,118392798.63371468
998,KRR,11708690.025408506
999,KFM,4936910.063624382
1000,KIG,
1001,KI1,
1002,KCN,708818000.0
1003,KNG,9070112.0
1004,KRM,31648132.565319777
1005,KSN,111305346.95734406
1006,KME,31583475.684553385
1007,KKC,
1008,KMD,165486826.01609612
1009,KNM,7022540.109552741
1010,KNO,7132576.082779169
1011,KOB,6556175.964474678
1012,KGN,392293464.7356987
1013,KNB,45103080.45960426
1014,KOR,3355888.287396133
1015,KP2,247668738.02471924
1016,KOV,164503831.19544983
1017,KTA,8914041.201325595
1018,KGD,7370032.478057742
1019,KNI,7841187.6715807915
1020,LSF,1937135250.5756836
1021,LT8,
1022,LT9,
1023,LR1,
1024,LR4,
1025,LR3,
1026,LR5,
1027,LR6,
1028,LF1,0.0
1029,LSA,15659525.248073101
1030,LKE,76015292.19237614
1031,LKO,75443771.68164253
1032,LHM,
1033,LNR,4729747.060954571
1034,LAM,170998748.92780304
1035,LRK,83183312.77906895
1036,LRV,362588573.21977615
1037,LBL,64708742.57129431
1038,LAT,6079574.602396965
1039,LCN,
1040,LFS,1195654938.411621
1041,LMG,42152003.53811264
1042,LCL,8394820.483120322
1043,LM1,16128959.63948965
1044,LEX,32294598.81544113
1045,LCY,87858354.48989105
1046,LGM,27717691.101402044
1047,LEG,20401361.525722504
1048,LLC,3871982956.7907104
1049,LLL,608439120.0149231
1050,LPD,17178381.10392928
1051,LGI,303726102.77557373
1052,LIS,96030003.81588936
1053,LFG,1245089464.0774536
1054,LP1,
1055,LI9,
1056,360,9193743916.275146
1057,LIC,550264797.6779938
1058,LNW,10057708900.0
1059,L1M,4515463.854804635
1060,LML,17020561.192433238
1061,LIN,153844992.0
1062,LAU,278307753.67578506
1063,LNU,6501220.148791373
1064,LNQ,28998917.472313404
1065,LIO,5426123.951165736
1066,LSX,112215053.7157116
1067,LI8,
1068,LN1,
1069,LN2,
1070,LN3,
1071,LTR,2052843123.5856934
1072,LMS,4348631.9028005
1073,LEL,41440740.534067154
1074,LPM,9151984.497368336
1075,LU7,6965879.868549824
1076,LGP,34294887.24926281
1077,LIT,17021099.13954878
1078,LO1,
1079,LPE,20838690.378025174
1080,LOC,19989790.21026194
1081,LKY,33916603.957099915
1082,LDR,21031919.228553772
1083,LSR,7177031.691044569
1084,LCE,26139089.828282595
1085,LRD,4805061.921469867
1086,LOT,379497586.39756775
1087,LVE,4458761.975839734
1088,LOV,3881703112.045288
1089,LRT,60506036.9897604
1090,LLM,25821940.70136547
1091,LTP,59722647.80938625
1092,LOM,6450360.199101269
1093,LDX,68864116.86984634
1094,LM8,56260138.947963715
1095,LYL,457424024.9027252
1096,LYC,11805340730.06659
1097,LGL,214837000.0
1098,M3M,2514161.9438041
1099,MA1,
1100,MAF,1454568148.5128403
1101,MGH,1578053850.2034607
1102,MAC,1532820186.800003
1103,MIO,6027860.750732362
1104,M7T,89287838.87958527
1105,MAH,786571399.7515869
1106,MBL,
1107,MQG,
1108,MAQ,1832509864.2944336
1109,M4M,27848940.63560462
1110,MPA,53827059.9743309
1111,MAD,1576643800.9286194
1112,MFG,1844108238.995514
1113,MBH,21243359.525173903
1114,MAG,22554800.33609271
1115,MAU,421296954.07509804
1116,MGT,9436965.948864818
1117,MNS,
1118,MGU,18544321.39280796
1119,MGL,11092563.142955303
1120,M24,3837158.287169695
1121,MAN,13799720.629224777
1122,MHC,13376976.50027728
1123,MTL,9671175.252065182
1124,MKR,47942100.46504784
1125,MPK,88748643.52655411
1126,MC2,
1127,MEU,44775779.168228626
1128,MMA,48300717.00039482
1129,MQR,7040627.225849628
1130,MVL,19504381.274035692
1131,MYE,46297201.83968544
1132,MCE,66024244.42516136
1133,MAT,58479643.830574036
1134,MXI,125305247.47123718
1135,MFD,27152857.078957558
1136,MYG,119394690.45132065
1137,MYX,405416523.40431213
1138,MRL,242696065.33650398
1139,MCM,74024585.02284622
1140,MML,4200679.977238178
1141,MMS,1262627531.5532684
1142,MCP,45343932.13679886
1143,MSG,1782896.084683016
1144,MMR,9248849.713272095
1145,MDR,40016258.92467022
1146,MM8,171292800.72927475
1147,MZF,
1148,MZT,
1149,MZ1,
1150,MZ2,
1151,MPL,13880159249.823242
1152,MVP,80550467.04542637
1153,MEK,451935046.0357971
1154,MEG,24535965.877417088
1155,MP1,2527574481.3739624
1156,MAY,74144401.00624084
1157,MEM,7934400.376863778
1158,MHI,14611306.18060112
1159,MCY,7980339244.412842
1160,MEZ,13469671161.430664
1161,MNC,10697606.692180037
1162,MSB,2955460200.7109985
1163,MBK,5472049.058349133
1164,MHK,21593774.632260203
1165,MPW,274499803.9865494
1166,MTM,421377105.72216797
1167,MLS,13845679.554790258
1168,MLX,527403265.35987854
1169,MGA,6325199.858620763
1170,MTC,32197975.23351431
1171,MTS,4405305923.125
1172,MEI,396139522.94116974
1173,MEL,5511270.191905856
1174,MOT,686080904.4627838
1175,MXT,2505919941.711426
1176,MRE,
1177,MF1,
1178,MF2,
1179,MF3,
1180,MF5,
1181,MF4,
1182,MMI,439064634.92323303
1183,MPP,8452289.550046206
1184,MFF,2624697682.8545837
1185,MHJ,165472311.83664608
1186,MX1,52708959.16186857
1187,MAP,46867730.504356384
1188,MAM,74577659.0641737
1189,MM1,54490475.60130119
1190,MDI,5571445.516849399
1191,MNB,53627748.82941246
1192,MDX,133874187.33399582
1193,MRC,25596299.152112484
1194,MIN,6677715801.880737
1195,MI6,268833760.0
1196,MRR,9221360.05399108
1197,M2R,3987292.093386203
1198,MIR,736566589.3568993
1199,MGR,9075478032.646729
1200,MSV,60663602.410554886
1201,MTH,89925858.19089127
1202,MLG,114651907.39757538
1203,MM2,
1204,MOM,4218000.036664307
1205,MOH,3727069.996693492
1206,MND,1957769979.8309326
1207,MVF,309759837.86273575
1208,MME,110010729.5844183
1209,MRZ,3486221.8962952495
1210,1MC,5526434.756474555
1211,MEC,37547842.68450737
1212,MOZ,6426215.723365545
1213,MXO,15317665.356999636
1214,MTO,254632083.5193634
1215,MTB,2553828.1181987524
1216,MGX,454465520.2625427
1217,MHM,6806250.270456076
1218,MRD,1946222.0444405824
1219,MOV,25627200.38187504
1220,MPR,2749624.194600135
1221,MRQ,10906080.774011016
1222,M2M,7145640.013888478
1223,MSI,784195.022471875
1224,MCA,116550502.52616405
1225,MPX,30709350.721208572
1226,MBX,676652.0641392469
1227,MRI,7957556.585444689
1228,MCO,9024149.558294535
1229,MYR,1080037520.0
1230,MYS,747373357.5404663
1231,N1H,9686115.947514772
1232,NAG,12852832.866476774
1233,NC6,25936728.912814617
1234,NAN,1218123763.4142761
1235,NVU,72787964.12578869
1236,NCC,21401883.384168148
1237,NAC,23621273.776960373
1238,NSC,39872401.584386826
1239,NYM,6690090.088879228
1240,NAB,117582720611.6914
1241,NRM,
1242,NRO,
1243,NRP,
1244,RM1,
1245,NSR,3436856839.8094177
1246,NBS,
1247,NMR,137012682.82332802
1248,NGI,958104481.6719093
1249,NES,7601760.066077113
1250,NMT,49311463.99370718
1251,NET,12419669.867956042
1252,NWL,9063364191.261292
1253,NEU,2240102286.5104675
1254,NRZ,3358000.2874964476
1255,NUZ,76307428.10687447
1256,NSB,64852317.62123108
1257,NTI,18769761.147515774
1258,NAE,8117730.118562102
1259,NFM,26218500.13727832
1260,NHC,3820914075.396515
1261,NMG,183359752.4606495
1262,XNC,
1263,NWC,243443161.77602386
1264,NZS,3334019.7654788494
1265,NZK,113018219.83140373
1266,NWF,84663300.61020756
1267,NEM,117182651455.86035
1268,NPM,6912003.074812353
1269,NWS,26505805593.048096
1270,NME,7711485.646988273
1271,NXG,6133850047.4599
1272,NNG,4046159.9095612764
1273,NXS,42430622.61907339
1274,NXT,9304944158.93689
1275,NXD,46644358.54369402
1276,NXM,36829360.413849354
1277,NGE,39620195.018577576
1278,NGX,12685652.054008842
1279,NH3,40094587.65287304
1280,NHF,3715939704.6946716
1281,NCK,1752524105.3835754
1282,NIC,3212295475.6384277
1283,NC1,12962354.595296085
1284,NDO,145661377.81238556
1285,NIM,17314630.678643227
1286,NEC,2735436037.8074646
1287,NHE,26978625.712034225
1288,NOL,128991164.67249393
1289,NNL,26340876.07753277
1290,NFL,9432423.728585243
1291,NRX,8482919.810391963
1292,NSM,10228410.011377215
1293,NTU,284291351.6419296
1294,NST,25828184180.290283
1295,NWM,12361320.299448848
1296,NOR,10318559.769362211
1297,NOU,40180802.68381119
1298,EYE,42757311.08967304
1299,NVA,128480314.56824112
1300,NOV,16519941.572135448
1301,NVQ,10564553.521568656
1302,NVO,39709101.39171171
1303,NVX,283588712.5618324
1304,NW1,
1305,NOX,32146181.58581257
1306,NWH,1536736218.2608185
1307,NSX,19632951.09307444
1308,NTM,1816349.9677883387
1309,NTD,41927000.0
1310,NUC,27227549.536317587
1311,NGY,62324850.82534647
1312,NFN,
1313,NUF,995755518.2231293
1314,NXL,798570231.1314697
1315,NGS,4228035.110997617
1316,NYR,63436504.92074013
1317,NZM,202187440.9038086
1318,OKJ,3749286.1035615206
1319,OAK,1835857.2997704148
1320,OCL,1868027995.5245972
1321,OCN,11621890.609479904
1322,OCA,477992463.1537132
1323,OCT,2592816.2049076557
1324,OD6,4814039.892397821
1325,ODE,11196710.233605385
1326,ODY,32021507.686592102
1327,OFX,196562520.5830269
1328,OLH,5019768.103569746
1329,OLI,4866588.078504086
1330,OLY,9894432.086005807
1331,OYS,
1332,OY1,
1333,OMH,229877116.33449554
1334,OMA,102938106.49039268
1335,OMG,5098064.989360392
1336,OBL,425438670.0767784
1337,OM1,2822196.1205314994
1338,OSL,20519141.628348827
1339,1CG,13005190.457530022
1340,ONE,201173180.87538147
1341,OML,972499662.2998123
1342,OLL,7240124.958170593
1343,OPN,67750802.69217491
1344,OPH,685601823.0171204
1345,OPT,744906039.1999054
1346,OIL,79357393.24419594
1347,OPL,5161127.930417657
1348,OBM,1318673999.9431152
1349,OMX,10105829.483025312
1350,OEC,36251599.80356693
1351,OB1,3402570.145613402
1352,ODA,15588368.397883415
1353,OR2,
1354,ORD,29560559.339269996
1355,ZOR,
1356,ORE,
1357,ORI,10362988840.276001
1358,ORG,20569633703.98535
1359,OEQ,2503871.9440340996
1360,ORN,80098038.86198044
1361,ORA,2716483053.3599854
1362,ORP,9014304.172156453
1363,OCC,297432008.17108154
1364,OSM,105262302.952528
1365,OSX,2609859.985858202
1366,OEL,23975049.704115868
1367,OVT,29920240.027538776
1368,OZM,17297200.207978487
1369,OZZ,5089155.2524238825
1370,PGO,15157074.841553688
1371,PAC,333200600.7514
1372,PEB,76999999.58276749
1373,PNM,10103831.895825982
1374,PSQ,242436000.0
1375,PCK,72130800.30709505
1376,PDN,2653775638.0577087
1377,PCL,102552999.92815876
1378,PA1,
1379,PA3,
1380,PA2,
1381,PA4,
1382,PA5,
1383,PFE,9001895.710542798
1384,PNT,3009049.852742493
1385,PNR,1594820725.0430603
1386,PPY,6872183.867735386
1387,PBL,3488800.1076877117
1388,PAR,125190766.57245064
1389,PGC,645570857.6006012
1390,PKD,3744509.9163036793
1391,PWN,30438208.603067398
1392,PL3,4656990.096084774
1393,PSL,9576798.206885576
1394,PMT,754555520.6832275
1395,PAT,8581144.177049398
1396,PTN,103156205.69114304
1397,PAB,3011030.1590162516
1398,PUA,165717243.7346449
1399,PEK,144229895.91268063
1400,PKO,3719349.9968660474
1401,PLG,2454504.021335393
1402,PEX,37189441.25440359
1403,PPC,774803144.8458633
1404,PCG,75530319.05221939
1405,PCX,
1406,PIA,320180376.2662964
1407,PE1,356312752.83205795
1408,PEN,99196905.72291565
1409,5GG,12128816.374376416
1410,PPE,70105692.9268837
1411,PPM,827845514.3132172
1412,PP1,
1413,PEA,
1414,PEP,
1415,PR4,
1416,PEV,
1417,PE5,
1418,PU6,
1419,PU8,
1420,PU9,
1421,PIL,4662820.061472058
1422,PER,11961839.935183525
1423,PGD,24605831.13197565
1424,PRN,1782182421.6051178
1425,PCI,
1426,PIC,490353898.799736
1427,PPT,2424588809.9975586
1428,PEC,21830701.12530279
1429,PRU,4833744266.731415
1430,PWR,309199512.60757446
1431,PTR,123048324.1212244
1432,PXA,2797184376.0
1433,PHX,62843233.87794113
1434,PHO,29805829.075809956
1435,PET,
1436,PR2,14790359.669409692
1437,PLL,291402797.6314087
1438,PLS,6210817154.727081
1439,PGY,23745260.92733383
1440,PNI,5442600192.0
1441,PIM,3591600.8652992547
1442,PNC,83574912.77449036
1443,PLN,8282638.035263121
1444,PVT,9072259.63721919
1445,PFM,7213031.104
1446,PGM,13086780.495563984
1447,PAI,431305130.1972656
1448,PTM,424981903.58395386
1449,PMC,425732935.98394775
1450,PL8,1063063133.312027
1451,PLY,86361596.83227539
1452,PLT,204292557.43646622
1453,PGF,1318526408.4292145
1454,PVE,64901647.00832367
1455,POD,31004181.95168996
1456,3DP,40253850.1998291
1457,PBH,426097535.18152237
1458,PXX,40383502.73865795
1459,POL,207555843.61481667
1460,PNV,791015230.9832153
1461,PNN,11499009.822433472
1462,PVL,14351849.850291252
1463,PPK,47676558.234861374
1464,PPS,332011927.143116
1465,PDI,1180111418.3377228
1466,PMV,3458204265.8233643
1467,PLC,2208365.9711958766
1468,PTX,40059134.41849995
1469,PTL,10738980.172723532
1470,PFG,59489041.07916355
1471,PRG,173618200.0
1472,PME,32279280500.0
1473,PPG,3452071.888998151
1474,PRX,13483720.320442319
1475,POT,
1476,POA,
1477,POB,
1478,POC,
1479,POF,
1480,POE,
1481,POH,
1482,POG,
1483,PGS,
1484,PRM,1216175.0128163695
1485,PFP,648477773.683548
1486,PRO,30976215.352876663
1487,PRS,8712997.648934841
1488,PSC,129608598.15032959
1489,PIQ,62199159.2195034
1490,PV1,15592759.971474648
1491,PUT,
1492,PUU,
1493,PS2,
1494,PFT,3370224.0292951465
1495,PH2,37456800.558149815
1496,PR1,6901320.274233818
1497,PPL,46767998.95465374
1498,PUR,6255861.89775914
1499,PVW,3779194.7264794707
1500,PWH,835686882.1983337
1501,PYC,772819570.2120056
1502,QAN,16736339733.097778
1503,QBE,32299326193.876953
1504,QEM,6855599.802732468
1505,QML,25347707.793495655
1506,QNB,
1507,QOR,880195803.2958374
1508,QPM,101441006.81033134
1509,QAL,1143662983.783905
1510,QRI,998582923.7697296
1511,QGL,171486305.05800247
1512,QUB,7713319905.96167
1513,XQL,
1514,QUE,1055819.7217840701
1515,QFE,17134171.297302485
1516,QXR,5241320.184949338
1517,RAC,212836404.14237976
1518,RAD,56015518.18290615
1519,RAG,8531747.34472704
1520,RAS,4633174.303593397
1521,RDN,13803560.591633916
1522,RZI,70059082.26060867
1523,REP,303204829.7189636
1524,RMS,5391952491.877563
1525,RHC,8695365677.337646
1526,RND,102661177.01673508
1527,RAN,2817869.976493895
1528,RCM,17248004.79939699
1529,RPG,52602750.89024544
1530,REE,20003199.55289364
1531,RTH,46258443.445611
1532,RBR,3120280.2122053504
1533,REA,33265349802.581787
1534,RR1,8744309.564549446
1535,RCL,16130099.496394396
1536,RDY,296553611.7839813
1537,RCE,108443628.0
1538,REC,3340870.0689300895
1539,RKN,73075272.83906937
1540,RFT,7605290.134789944
1541,RHI,218033846.1156845
1542,RDM,46755500.0
1543,RMX,4476600.020627081
1544,ROG,21688921.094168425
1545,RC1,5948536.09054029
1546,RFX,25635548.75612259
1547,RIL,13609440.902413726
1548,RDX,1212937061.4746246
1549,RDS,4137080.260500759
1550,REH,9134213981.781006
1551,RLC,2330121.0442542136
1552,RCT,177789566.67542458
1553,RG8,
1554,RF1,
1555,RPL,1033547383.8415146
1556,R8R,3032032.571900636
1557,RGN,2739228391.5187683
1558,REX,64546164.72762823
1559,REG,2644966069.3178406
1560,RRL,3310421746.654907
1561,RWC,3403571708.9704285
1562,REM,5028119.88761276
1563,RNU,167847904.37049866
1564,RNX,4807080.233784795
1565,RLT,206249256.7424469
1566,RNV,15044083.690301418
1567,RNT,34544050.224954605
1568,RMC,353998440.2958832
1569,RA2,
1570,RA3,
1571,RMD,63206708225.84473
1572,RSG,1437547503.788002
1573,RML,70441172.77283001
1574,RHT,17888917.120779395
1575,RBX,3916256.2128305435
1576,RDG,26557760.749425888
1577,RMI,15864191.317081451
1578,REZ,11212095.10939014
1579,RAU,22808709.80104804
1580,RBD,327649387.98189163
1581,RFG,122715063.00077438
1582,RRR,15747617.096233606
1583,RWD,11705460.397526622
1584,RXH,15338708.32663393
1585,REY,6346836.1646309495
1586,RHY,29828503.228709936
1587,SGL,
1588,RVT,15583968.846917152
1589,RIC,1098319291.584137
1590,RIE,2649833.332693219
1591,RIM,35423572.18687248
1592,RCR,4095867.902425885
1593,RIO,184657497227.95996
1594,RGL,6734840.127887726
1595,RLF,24917635.08468342
1596,RMY,29894942.627918243
1597,RXR,823386988.940239
1598,ROC,17987863.59839225
1599,RKT,11444037.770529449
1600,RKB,22888041.154478073
1601,RON,6863750.072196126
1602,RLG,12742240.861223936
1603,RXL,227792607.9019661
1604,RPM,17079614.770704985
1605,RUL,710750606.315136
1606,RTG,36333900.07846713
1607,RWL,48086599.116546154
1608,RB6,5346149.846166372
1609,RTR,29477898.526236534
1610,RFF,720987574.0917206
1611,RYD,119820505.54418564
1612,RYM,
1613,S2R,40117518.463303566
1614,SBR,3944620.0718308687
1615,SRH,3889778.5880729556
1616,SAN,1023300.0166041404
1617,SB2,74569947.26479053
1618,SFR,5288509650.146484
1619,SNC,132171141.08914948
1620,SFM,18204700.0
1621,SMI,455312951.4338074
1622,SFV,
1623,STO,25592428854.237793
1624,SP4,
1625,SP5,
1626,SP6,
1627,SRR,20215095.186462402
1628,SGA,14116674.915260553
1629,STN,188624598.35469723
1630,SND,107366699.0634799
1631,SVG,17123700.09725547
1632,SYA,300125808.6883087
1633,SCP,13359059.927612543
1634,SCG,19949186262.573853
1635,SCW,
1636,SCA,
1637,SFC,296823074.0737915
1638,SDV,63679481.58621788
1639,SCN,9433007.593929768
1640,SCT,7346507.7305316925
1641,SDI,99253107.44941235
1642,SFG,9673200.075452328
1643,SEK,8791184418.029785
1644,SHV,520115292.1972275
1645,SEN,31464378.38025856
1646,SNS,22998101.80223751
1647,SEQ,35843128.96862626
1648,BA2,
1649,WE1,
1650,WB1,
1651,WSE,
1652,WS1,
1653,WS2,
1654,SKO,311500000.0
1655,SRV,594647424.0
1656,SSM,1262703669.829071
1657,SWM,223175288.93820763
1658,SGH,20911558496.80078
1659,SHA,322216435.95671654
1660,SSG,196518000.0
1661,SFX,63284319.86548519
1662,SHJ,110350466.73679352
1663,SHZ,
1664,SC1,
1665,SHM,53359582.1857214
1666,SNX,3457839.121381402
1667,SSL,68784254.42184448
1668,SIG,33361326044.15381
1669,SLX,1116562250.278946
1670,SLH,174511872.5546837
1671,SVL,221354398.89234352
1672,SIS,5411649.799040198
1673,SIO,50386837.97452068
1674,SGM,2842310455.050873
1675,SHG,95032979.28071022
1676,SRI,8848466.20887351
1677,SNG,12919289.550310135
1678,SIT,3940610.235168934
1679,SDR,1522456676.0740356
1680,SIV,7050000.28014183
1681,SKN,4838459.946057558
1682,SKS,282675000.0
1683,SKY,59405137.878920555
1684,SKT,384113267.06811523
1685,SKC,684184474.6753006
1686,SKM,13710410.497105122
1687,SPZ,328122398.4894047
1688,SIQ,1103192235.528946
1689,SMP,250412031.92424774
1690,SOC,8500655.583521366
1691,SLA,13916351.688945293
1692,SLM,10651182.314157486
1693,SLS,27636245.537877083
1694,SVR,301760179.8212528
1695,SMM,10321296.874235272
1696,SOM,180000978.99905586
1697,SHL,13670623447.145264
1698,SHP,4415159.846378088
1699,S32,13553608382.87915
1700,SXE,497088903.6991997
1701,SX2,1361482947.7787018
1702,SXL,143980648.31992722
1703,SUH,22087199.50631261
1704,SPD,72191251.27494335
1705,SVM,465796104.2690735
1706,SPA,10966906.035785675
1707,SPN,16377340.06972611
1708,SPK,4462235784.53064
1709,SPG,84912079.53989506
1710,STW,
1711,SLF,
1712,SFY,
1713,SP3,6021099.806390703
1714,SPX,36921763.54568958
1715,SEC,153172220.576334
1716,ST1,109351197.73292542
1717,SEG,81849516.36171341
1718,SHO,28914994.78732109
1719,SIX,30094739.755857468
1720,SQX,3125000.0465661287
1721,SRG,972373959.9997025
1722,SRJ,6352139.959214985
1723,SSH,12892642.614890099
1724,SBM,346512007.6148529
1725,SGQ,111020796.43011093
1726,SKK,12450479.724223852
1727,SMR,2163340885.96344
1728,S66,21613280.796905518
1729,SMS,4864782.308372021
1730,SPL,41822499.8232038
1731,GAS,9428424.273955107
1732,GVF,281187356.1553955
1733,SVY,7616588.011098862
1734,SDF,6693055001.408081
1735,SGI,86787112.16181517
1736,SST,431013968.1713104
1737,SLB,3813473.914762214
1738,SRZ,37435498.67648411
1739,STP,127884599.558115
1740,STH,25639198.14691925
1741,SGP,13510987054.797607
1742,SHE,4791220.371889114
1743,SRY,
1744,STG,28952684.233015776
1745,STA,
1746,SRT,27107839.39409256
1747,SMX,3672779.91790697
1748,SOR,14690869.007904053
1749,SER,4191459.746313572
1750,SP8,9610199.785195291
1751,STK,340191596.9683571
1752,STX,412951194.6098213
1753,SRK,9363750.477261543
1754,SMN,85694771.66439056
1755,SLZ,1566504.0136165917
1756,SNZ,2457496235.646057
1757,SUM,3897348.202881813
1758,SS1,162059181.95051765
1759,SUN,22005949744.38379
1760,SRL,140608805.58729172
1761,SHN,22964040.579566956
1762,STM,123469002.04025269
1763,SUL,3581600282.468796
1764,SPQ,11854900.215022326
1765,SLC,1709946356.0581207
1766,SNL,1623590906.5246582
1767,SRN,6457220.402701497
1768,SW1,7270480.217329264
1769,SWP,24665086.367438078
1770,SYL,396750454.172863
1771,SOP,13502684.694592476
1772,SM1,331758915.9906807
1773,SNT,92775483.69650745
1774,SYR,349658808.49868774
1775,TAH,1680078724.0499268
1776,T88,5472614.536020398
1777,TLG,213989585.6972437
1778,TD1,4226540.232749879
1779,TR2,89299998.87943268
1780,TLM,28248001.12247467
1781,TAL,21792922.691245556
1782,TWD,104494051.84543133
1783,TBN,586434754.8228226
1784,TMB,5957135.743558407
1785,TAM,68155799.89484024
1786,TAT,7287653.960511088
1787,TAR,6423785.579470158
1788,TFL,2622574.98138088
1789,TAS,3910942.008717835
1790,TEA,1014707162.7807617
1791,TIP,48397123.96860123
1792,TG1,3164545.050243616
1793,TNE,13202792046.790527
1794,TLX,6027816970.314941
1795,TLS,56811075510.20264
1796,TEM,7712599.7900624275
1797,TPW,3090915854.3777466
1798,TMS,7461230.118303478
1799,TM1,4115297.8969067335
1800,T92,4042469.6696437597
1801,TER,60811055.375701904
1802,TGH,10100339.614239812
1803,TMX,11393160.291033268
1804,TZN,95245203.78470421
1805,TSO,71813783.35874939
1806,TES,
1807,TTX,204745131.98490143
1808,TG6,13999244.467250586
1809,A2M,5676309133.196533
1810,AU1,8351943.731442094
1811,WAG,30904922.06051922
1812,CCO,9034050.126527071
1813,HPC,5600413.01154983
1814,TLC,12081207139.350586
1815,SGR,285653564.97120476
1816,TGM,154427460.85639572
1817,TT1,
1818,THR,10584269.112370491
1819,TOP,114126545.254982
1820,TEK,45339958.02657294
1821,1TT,711102.0219493657
1822,THB,4287150.888769627
1823,TIA,13424364.103245735
1824,TIG,39200099.66874075
1825,TML,2307754.847614467
1826,TNY,14199360.123425722
1827,TRP,20255708.50455761
1828,TTM,91247098.44607115
1829,TSL,16413251.066622734
1830,TTT,403877504.0
1831,TVN,218433593.1801796
1832,TOU,28568759.141197205
1833,TMK,25555998.148778915
1834,TOK,164668140.48469067
1835,TI1,30218753.085377693
1836,TEE,10891958.912726998
1837,TSI,13004280.029331684
1838,TOE,23454929.705679417
1839,TOR,160605986.32637215
1840,TTZ,
1841,TRE,135135760.49258423
1842,TVL,
1843,THL,433480188.875576
1844,TWR,541232174.700737
1845,TOY,4084074.105937034
1846,TPC,90856631.59618378
1847,TPG,9947468993.879517
1848,TTI,3771449.8887827396
1849,TRJ,143235319.63670254
1850,TKL,7266419.77516222
1851,TCO,26765600.0
1852,TA1,
1853,TCL,42957809324.677734
1854,XVG,
1855,TWE,6231751417.829498
1856,TKM,45091124.991760254
1857,TEG,6267689.9104809165
1858,TGF,110702622.86574554
1859,TBR,248174114.0007496
1860,TMG,108948480.94701767
1861,TX3,6068581.777405739
1862,TT4,
1863,TT6,
1864,TON,10978730.45087707
1865,TRI,6818085.787055492
1866,TNC,43947134.84814763
1867,TRM,10175800.151631236
1868,TRU,12948203.839675426
1869,TYP,50362197.97441578
1870,TUA,2577974827.0874023
1871,TGN,60196823.64346695
1872,TCG,520032147.08950806
1873,TRA,552548660.2320671
1874,TYX,10026449.75115335
1875,TYR,518088679.8689194
1876,TZL,16275612.459674835
1877,UWC,9875593.037850142
1878,URW,22788183033.494995
1879,USL,181746756.34551048
1880,UOS,1103472490.7248688
1881,UNT,10351500.377978802
1882,UBI,6259407.083610654
1883,UNI,648290745.3666687
1884,UBN,62912717.737472534
1885,URF,221082229.93842697
1886,UCM,3005727.98371315
1887,UVA,28127251.117676497
1888,VR8,23739244.932661295
1889,VAR,4697147.944829226
1890,VAU,2925062100.495056
1891,VBX,44876917.783248425
1892,VMG,
1893,VR1,72546223.3158474
1894,VBS,3199997.928474471
1895,VEE,134620201.29680634
1896,VNT,4491291168.0
1897,VMC,19612899.492254972
1898,VBC,28048318.707805634
1899,VRS,33653358.76560211
1900,VRL,6711120.442335367
1901,VTX,46481902.95455551
1902,VG1,
1903,VHM,49446148.18632603
1904,VCX,11407200000.0
1905,VCD,
1906,VIG,28045762.2964561
1907,VTM,
1908,VKA,10751580.107865691
1909,VEN,10434549.526769638
1910,VNL,129270719.58766556
1911,VGN,2564927230.107086
1912,VMM,115342105.76927662
1913,VFX,6735719.936
1914,VGL,762275236.958786
1915,VLS,124379023.14691544
1916,VML,11200404.85945344
1917,VHL,50044022.280527115
1918,VFY,100882528.74013186
1919,VIT,47682356.219379425
1920,VEA,3390986406.928833
1921,VVA,139311190.4848814
1922,VMT,27489418.997035503
1923,VPG,
1924,VPR,15002685.59615314
1925,VRC,18739401.594073772
1926,VSR,11918550.175314069
1927,VN8,26717425.39374876
1928,VRX,70246477.33869267
1929,VUL,869731569.2627563
1930,VSL,805206367.5951958
1931,VYS,276908608.22473145
1932,WAK,29323474.932660818
1933,WA1,1289379029.7271729
1934,WGN,385777191.0266876
1935,WKT,63769793.43979454
1936,WAA,66827136.36627197
1937,WMA,199504337.18824387
1938,WAM,1914625026.5037842
1939,WGB,908537666.355133
1940,WMX,
1941,WLE,1806113065.470581
1942,WMI,441132877.26187897
1943,WAX,253663204.9369812
1944,WAR,201741120.8589077
1945,WTM,147112558.88652802
1946,WA8,178189504.68061447
1947,SOL,15468512719.345093
1948,WAT,239114526.70698166
1949,W2V,13595760.26176393
1950,WPR,1681375638.9591217
1951,WQG,430823079.39388275
1952,WEF,
1953,WEB,1607967345.4796753
1954,WJL,349351680.14481354
1955,WBT,471119598.0119705
1956,WLD,95625000.91979599
1957,WNX,15926303.399605036
1958,WES,102446009357.12305
1959,WAF,3043693457.852051
1960,WCE,54378751.93198109
1961,WC1,3959201.0246913433
1962,WWI,92577805.09757042
1963,WSR,2392349.972795129
1964,WGR,21850569.72581148
1965,WMG,23325192.43864131
1966,WYX,4126829.667758167
1967,WEN,
1968,WGX,2906100072.6536865
1969,WBC,115063007416.95508
1970,WSI,8756020.47584951
1971,WCN,60959751.30837107
1972,WEC,12464799.721390009
1973,WBE,2802232.197098881
1974,WHI,224421384.97812653
1975,WHF,690287372.2977638
1976,WHC,5793671071.754456
1977,WHK,7784132.727054298
1978,WIA,432904506.8034134
1979,WOA,11125565.4686234
1980,WC8,240654606.68275452
1981,WIN,12101275.582427979
1982,WEL,2726040.193479955
1983,WNR,1404336.0667023808
1984,WR1,43914241.74499512
1985,WTN,572465035.3219757
1986,WTC,38505069428.44116
1987,WWG,25102949.797501564
1988,WZR,40453259.76397133
1989,WDS,50943461067.296875
1990,WOW,38492616279.60205
1991,WOR,6947161630.4713745
1992,WOT,103519204.11348343
1993,WRK,191588093.68185997
1994,WTL,49616966.25228882
1995,X2M,7341088.092682958
1996,XGL,6102252.02531147
1997,XRO,30086897428.70215
1998,XPN,3314024.0934076905
1999,XRG,34203209.538478374
2000,XF1,39648525.72478962
2001,XRF,289504151.9584656
2002,XST,6452886.368485153
2003,XTC,
2004,YAL,8794130624.756836
2005,YRL,47931426.608636856
2006,YAR,8273569.735071301
2007,YOJ,158744495.93498898
2008,YOW,3211152.0991176367
2009,YUG,9664602.266952395
2010,ZLD,4877851.957452297
2011,ZNC,22766566.117170453
2012,ZEO,112813898.79582024
2013,ZEU,10044118.198028684
2014,ZGL,34482901.37022734
2015,ZMM,5390483.970791101
2016,ZIM,1689916579.4696808
2017,ZMI,5238096.120796204
2018,ZIP,4476943801.888672
2019,ZNO,13225205.336305976
2020,ZAG,17063240.03316462
